"gene_id","baseMean","log2FoldChange","lfcSE","stat","pvalue","padj","SYMBOL","GENENAME","GeneType","ENTREZID","Regulation","minusLog10P","minusLog10FDR","Gene_Label"
"105379051",13.5844267048505,-1.93527285392999,0.618865475118791,-3.92686473641648,8.60603468396836e-05,0.00590533963298329,"LOC105379051","uncharacterized LOC105379051","ncRNA","105379051","Down in ZIKV",4.06519690795998,2.22875511981358,"LOC105379051"
"23237",25.1520590289443,-1.88047392221817,0.436936569602189,-4.91770457068744,8.75649292405465e-07,9.46806853591343e-05,"ARC","activity regulated cytoskeleton associated protein","protein-coding","23237","Down in ZIKV",6.05766979893469,4.02373860703137,"ARC"
"26585",19.8236696917601,-1.64637683040391,0.517167309795115,-4.00475908410032,6.20807176569512e-05,0.00446002041717338,"GREM1","gremlin 1, DAN family BMP antagonist","protein-coding","26585","Down in ZIKV",4.20704327124967,2.35066315316108,"GREM1"
"374897",30.085565043624,-1.64381804524804,0.406819650091408,-4.70582501003694,2.52841334521161e-06,0.000250605561609423,"SBSN","suprabasin","protein-coding","374897","Down in ZIKV",5.5971519260897,3.60100929507578,"SBSN"
"59344",22.0052760796558,-1.60659081129116,0.459176794737674,-4.24460556888739,2.18978257445278e-05,0.0017980442341522,"ALOXE3","arachidonate lipoxygenase 3","protein-coding","59344","Down in ZIKV",4.65959900452202,2.74519962828026,"ALOXE3"
"83716",18.8931736881001,-1.39764134541524,0.491995414339555,-3.74177163572913,0.000182727525886917,0.0111453378966183,"CRISPLD2","cysteine rich secretory protein LCCL domain containing 2","protein-coding","83716","Down in ZIKV",3.73819602604452,1.9529067603455,"CRISPLD2"
"100131897",54.7596064846864,-1.15214024926674,0.27266003104919,-4.8637194551157,1.15200166118334e-06,0.000120898056687619,"INSYN2B","inhibitory synaptic factor family member 2B","protein-coding","100131897","Down in ZIKV",5.93854689466086,3.91758067992191,"INSYN2B"
"105369559",55.339888226029,-1.10837978241112,0.262915166853241,-4.85245715448378,1.21941133794651e-06,0.000126117764899018,"LOC105369559","uncharacterized LOC105369559","ncRNA","105369559","Down in ZIKV",5.91384977127513,3.8992237345672,"LOC105369559"
"56155",39.5917521730457,-1.09779203626154,0.325410594145816,-4.15453980326852,3.25942877425703e-05,0.00257494873166305,"TEX14","testis expressed 14, intercellular bridge forming factor","protein-coding","56155","Down in ZIKV",4.48685850481711,2.58923141352667,"TEX14"
"10964",474.848158609185,7.73505311472216,0.390282646147048,19.7195717736919,1.46463235636784e-86,6.39924777907739e-84,"IFI44L","interferon induced protein 44 like","protein-coding","10964","Up in ZIKV",85.8342713757455,83.1938710736092,"IFI44L"
"54739",218.508098594793,7.57389263372292,0.546002288021085,13.7329338074119,6.44691290865363e-43,2.19082473748199e-40,"XAF1","XIAP associated factor 1","protein-coding","54739","Up in ZIKV",42.1906481966334,39.6593923639222,"XAF1"
"3456",10.0842623814677,7.26943647010638,2.576839002177,5.40310644837446,6.54965639077209e-08,8.1052944317942e-06,"IFNB1","interferon beta 1","protein-coding","3456","Up in ZIKV",7.18378148344424,5.09123120440819,"IFNB1"
"4599",1230.20864001101,7.10368354990626,0.201938905552933,35.1312047690916,2.2513074262922e-270,4.01652005745748e-267,"MX1","MX dynamin like GTPase 1","protein-coding","4599","Up in ZIKV",269.647565196059,266.396150059941,"MX1"
"4600",41.7707341376142,6.25741480976466,0.82475978332686,7.48106046716885,7.37252447612939e-14,1.33761336024961e-11,"MX2","MX dynamin like GTPase 2","protein-coding","4600","Up in ZIKV",13.1323837769545,10.8736694020958,"MX2"
"4939",492.757794803391,6.24303975747983,0.242146887358621,25.7921240936201,1.08679477744126e-146,8.02316875525514e-144,"OAS2","2'-5'-oligoadenylate synthetase 2","protein-coding","4939","Up in ZIKV",145.963852457238,143.095654072972,"OAS2"
"3434",3203.33648460352,5.99887199694484,0.16740158692795,35.9460161757225,5.84133763162765e-283,1.25057197355516e-279,"IFIT1","interferon induced protein with tetratricopeptide repeats 1","protein-coding","3434","Up in ZIKV",282.233487690642,278.902891308477,"IFIT1"
"10561",579.529953009692,5.95091002632101,0.205307345431604,29.0121903056486,4.61797840771352e-185,4.94331498653693e-182,"IFI44","interferon induced protein 44","protein-coding","10561","Up in ZIKV",184.335548102045,181.305981715544,"IFI44"
"91543",109.366275705552,5.9084350433821,0.452992381941917,13.0183038650501,9.62859418376343e-39,3.22091520125299e-36,"RSAD2","radical S-adenosyl methionine domain containing 2","protein-coding","91543","Up in ZIKV",38.0164371171125,35.4920207089315,"RSAD2"
"3429",242.864207169695,5.70525924423623,0.288135383934963,19.811368651757,2.3753862538764e-87,1.08201370870723e-84,"IFI27","interferon alpha inducible protein 27","protein-coding","3429","Up in ZIKV",86.6242657610758,83.9657672368466,"IFI27"
"8638",271.104452706371,5.59845591816055,0.262892797260278,21.291207058624,1.36954810228935e-100,7.33016383047819e-98,"OASL","2'-5'-oligoadenylate synthetase like","protein-coding","8638","Up in ZIKV",99.8634227095276,97.1348863186907,"OASL"
"2537",1874.50145083548,5.28306250439903,0.176215117354053,30.1044042611209,4.2430923124526e-199,4.78107175354199e-196,"IFI6","interferon alpha inducible protein 6","protein-coding","2537","Up in ZIKV",198.372317519647,195.320474738435,"IFI6"
"129607",311.865748919126,5.13754362207141,0.217422280658113,23.6813502820813,5.61320293704934e-124,3.53450181409674e-121,"CMPK2","cytidine/uridine monophosphate kinase 2","protein-coding","129607","Up in ZIKV",123.250789256222,120.451671791099,"CMPK2"
"282617",12.0938753537586,4.81177833991716,1.03620659513717,4.74782906395382,2.05611692665056e-06,0.000205698164872251,"IFNL3","interferon lambda 3","protein-coding","282617","Up in ZIKV",5.68695219164407,3.68676958282842,"IFNL3"
"9636",753.16231181903,4.76965528186566,0.13813486548878,34.5609760342473,9.75139307236086e-262,1.60590441758595e-258,"ISG15","ISG15 ubiquitin like modifier","protein-coding","9636","Up in ZIKV",261.010933337079,257.794280307221,"ISG15"
